IRF1_05	ENSG00000025434
ENSG00000175329	ISX_03
ENSG00000108511	HOXB6_01
HNF3_Q6_01	ENSG00000180035
ENSG00000197905	TEAD4HOXA3_01
EGR1_12	ENSG00000062370
FOSJUN_03	ENSG00000143171
AML_Q6	ENSG00000135625
ISX_03	ENSG00000137309
ENSG00000198300	PEG3_02
ENSG00000159216	AML_Q6
ENSG00000113430	IRX4_01
ENSG00000120738	EGR1_12
ENSG00000135625	KROX_Q6
TEAD4HOXA3_01	ENSG00000172789
ENSG00000257923	CDP_Q6_01
ENSG00000170345	FOSJUN_03
ZNF788_01	ENSG00000130818
KROX_Q6	ENSG00000125347
ENSG00000172789	HOXC5_01
ENSG00000025434	LXR_Q6
ENSG00000130522	JUNDFOS_01
ENSG00000180035	ZNF553_02
HOXC5_01	ENSG00000113430
ENSG00000066336	PU1_Q4
ENSG00000143171	RXRG_02
ENSG00000181449	SOX2_Q3
LXR_Q6	ENSG00000159184
ZNF419_01	ENSG00000123933
TEAD4HOXA2_01	ENSG00000172789
ZNF553_02	ENSG00000108511
ENSG00000137309	HMGIY_Q3
HOXB6_01	ENSG00000197905
ZNF513_01	ENSG00000257923
ENSG00000214189	ZNF788_01
PEG3_02	ENSG00000120738
IRX4_01	ENSG00000066336
ENSG00000062370	ZNF228_01
ENSG00000105136	ZNF419_01
ENSG00000197905	TEAD4HOXA2_01
ENSG00000159184	HOXB13_01
HOXB13_01	ENSG00000169856
ENSG00000065970	FOXJ2_01
FOXJ2_01	ENSG00000170345
JUNDFOS_01	ENSG00000159216
ENSG00000257923	CUX1_05
ENSG00000169856	ONECUT1_01
ENSG00000129514	HNF3_Q6_01
CDP_Q6_01	ENSG00000105136
ZNF228_01	ENSG00000175329
CUX1_05	ENSG00000214189
ENSG00000163795	ZNF513_01
ONECUT1_01	ENSG00000181449
HMGIY_Q3	ENSG00000130522
PU1_Q4	ENSG00000198300
RXRG_02	ENSG00000163795
SOX2_Q3	ENSG00000065970
ENSG00000125347	IRF1_05
